{
  "n_points": 1000,
  "mc_paths": 20000,
  "mc_steps": 64,
  "relative_floor": 1.0,
  "min_reference_price": 1.0,
  "n_tradable_points": 670,
  "relative_l2": 0.6473814429051961,
  "mean_point_relative_error": 19.96921503878926,
  "median_point_relative_error": 0.6629092633220913,
  "p95_point_relative_error": 66.1149421618828,
  "p99_point_relative_error": 67.7555693718511,
  "tradable_mean_point_relative_error": 2.0007220698768333,
  "tradable_median_point_relative_error": 0.4974098140265507,
  "tradable_p95_point_relative_error": 8.833608410387653,
  "tradable_pct_points_under_5pct_error": 4.029850746268656,
  "tradable_pct_points_under_10pct_error": 8.059701492537313,
  "max_absolute_error": 138.597196136309,
  "near_strike_mean_relative_error": 16.30395616689787,
  "pinn_seconds": 0.034073299990268424,
  "monte_carlo_seconds": 27.625717100003385,
  "pinn_points_per_second": 29348.492816533973,
  "monte_carlo_points_per_second": 36.19815537747172,
  "pinn_vs_monte_carlo_speedup": 810.7731598610491
}