{
  "n_points": 10000,
  "relative_floor": 1.0,
  "min_reference_price": 1.0,
  "n_tradable_points": 7719,
  "relative_l2": 0.06603725549963402,
  "mean_point_relative_error": 0.0946904173686051,
  "median_point_relative_error": 0.06445137369676077,
  "p95_point_relative_error": 0.28698832040536487,
  "p99_point_relative_error": 0.5087231954861374,
  "tradable_mean_point_relative_error": 0.08458554006536864,
  "tradable_median_point_relative_error": 0.05318370668112872,
  "tradable_p95_point_relative_error": 0.2695886637649719,
  "tradable_p99_point_relative_error": 0.44795651690382343,
  "max_absolute_error": 31.173275635809254,
  "pct_points_under_0_5pct_error": 4.96,
  "pct_points_under_1_0pct_error": 10.059999999999999,
  "tradable_pct_points_under_0_5pct_error": 6.050006477522995,
  "tradable_pct_points_under_1_0pct_error": 12.087057909055577,
  "pinn_seconds": 0.040677699995285366,
  "analytic_seconds": 0.004552400001557544,
  "pinn_points_per_second": 245834.94153206848,
  "analytic_points_per_second": 2196643.527936612,
  "segmented_metrics": {
    "moneyness_x": {
      "[-2.5, -1]": {
        "count": 1226,
        "mean": 0.11957133690324334,
        "median": 0.10297889513468686,
        "p95": 0.2510862778487769,
        "pct_under_0_5pct": 0.734094616639478,
        "pct_under_1_0pct": 1.1419249592169658
      },
      "[-1, -0.25]": {
        "count": 2399,
        "mean": 0.10782265045334521,
        "median": 0.07799807669492771,
        "p95": 0.3075090055976298,
        "pct_under_0_5pct": 2.83451438099208,
        "pct_under_1_0pct": 6.4193413922467695
      },
      "[-0.25, 0.25]": {
        "count": 2711,
        "mean": 0.13273128282475796,
        "median": 0.09093228403748786,
        "p95": 0.3941951883057091,
        "pct_under_0_5pct": 2.987827369974179,
        "pct_under_1_0pct": 5.643673921062339
      },
      "[0.25, 1]": {
        "count": 2436,
        "mean": 0.06339683154711455,
        "median": 0.04491516704709514,
        "p95": 0.190802446641623,
        "pct_under_0_5pct": 6.239737274220033,
        "pct_under_1_0pct": 13.136288998357964
      },
      "[1, 2.5]": {
        "count": 1228,
        "mean": 0.02229152021043136,
        "median": 0.017754269432785783,
        "p95": 0.0594278155078947,
        "pct_under_0_5pct": 15.146579804560261,
        "pct_under_1_0pct": 29.723127035830622
      }
    },
    "tau_over_T": {
      "[0, 0.05]": {
        "count": 497,
        "mean": 0.15159143497705413,
        "median": 0.08591171670336145,
        "p95": 0.5030628859086029,
        "pct_under_0_5pct": 3.8229376257545273,
        "pct_under_1_0pct": 7.44466800804829
      },
      "[0.05, 0.25]": {
        "count": 1999,
        "mean": 0.10448528690128485,
        "median": 0.06947180850156984,
        "p95": 0.3214656502383841,
        "pct_under_0_5pct": 5.002501250625312,
        "pct_under_1_0pct": 9.654827413706855
      },
      "[0.25, 0.5]": {
        "count": 2471,
        "mean": 0.08040411531110422,
        "median": 0.053796116228172194,
        "p95": 0.23614433883571812,
        "pct_under_0_5pct": 5.908539053014974,
        "pct_under_1_0pct": 12.100364225010116
      },
      "[0.5, 0.75]": {
        "count": 2534,
        "mean": 0.08457594295789846,
        "median": 0.05861325439775783,
        "p95": 0.2499937120899376,
        "pct_under_0_5pct": 4.696132596685083,
        "pct_under_1_0pct": 10.299921073401737
      },
      "[0.75, 1]": {
        "count": 2499,
        "mean": 0.09992122192786457,
        "median": 0.07309008869700534,
        "p95": 0.29094873209869704,
        "pct_under_0_5pct": 4.481792717086835,
        "pct_under_1_0pct": 8.643457382953182
      }
    },
    "sigma": {
      "[0.05, 0.15]": {
        "count": 1258,
        "mean": 0.1393617245970079,
        "median": 0.07748203729997923,
        "p95": 0.4896927052859899,
        "pct_under_0_5pct": 4.769475357710652,
        "pct_under_1_0pct": 10.095389507154213
      },
      "[0.15, 0.3]": {
        "count": 1955,
        "mean": 0.0979167954325853,
        "median": 0.06683687936185286,
        "p95": 0.29062220198568367,
        "pct_under_0_5pct": 4.757033248081841,
        "pct_under_1_0pct": 9.156010230179028
      },
      "[0.3, 0.5]": {
        "count": 2720,
        "mean": 0.08320439483020804,
        "median": 0.05921792382100019,
        "p95": 0.2430914617222124,
        "pct_under_0_5pct": 5.330882352941177,
        "pct_under_1_0pct": 10.661764705882353
      },
      "[0.5, 0.8]": {
        "count": 4067,
        "mean": 0.0870036476848156,
        "median": 0.06389084876928018,
        "p95": 0.24118053500902156,
        "pct_under_0_5pct": 4.8684534054585695,
        "pct_under_1_0pct": 10.081140890090975
      }
    },
    "r": {
      "[0, 0.025]": {
        "count": 1688,
        "mean": 0.0982360069480444,
        "median": 0.06998373584490102,
        "p95": 0.27262067463612455,
        "pct_under_0_5pct": 4.798578199052133,
        "pct_under_1_0pct": 9.123222748815166
      },
      "[0.025, 0.05]": {
        "count": 1661,
        "mean": 0.08971593078582564,
        "median": 0.06160374038554547,
        "p95": 0.264196780815512,
        "pct_under_0_5pct": 5.298013245033113,
        "pct_under_1_0pct": 10.596026490066226
      },
      "[0.05, 0.1]": {
        "count": 3375,
        "mean": 0.09226437305665619,
        "median": 0.06076022855478821,
        "p95": 0.28705052800472025,
        "pct_under_0_5pct": 5.303703703703704,
        "pct_under_1_0pct": 10.488888888888889
      },
      "[0.1, 0.15]": {
        "count": 3276,
        "mean": 0.09788503475466459,
        "median": 0.06655785275178408,
        "p95": 0.30695831713308636,
        "pct_under_0_5pct": 4.517704517704518,
        "pct_under_1_0pct": 9.82905982905983
      }
    },
    "K": {
      "[20, 50]": {
        "count": 1740,
        "mean": 0.04135011644402878,
        "median": 0.02350126432520723,
        "p95": 0.14021294246332716,
        "pct_under_0_5pct": 12.068965517241379,
        "pct_under_1_0pct": 24.54022988505747
      },
      "[50, 100]": {
        "count": 2638,
        "mean": 0.0727001636896193,
        "median": 0.0475608067293488,
        "p95": 0.22204923384443012,
        "pct_under_0_5pct": 5.875663381349507,
        "pct_under_1_0pct": 11.751326762699014
      },
      "[100, 150]": {
        "count": 2791,
        "mean": 0.10754928922402952,
        "median": 0.08103562067477121,
        "p95": 0.29337030525726315,
        "pct_under_0_5pct": 2.723038337513436,
        "pct_under_1_0pct": 5.553565030455034
      },
      "[150, 200]": {
        "count": 2831,
        "mean": 0.13528854575625535,
        "median": 0.10300728434151442,
        "p95": 0.37533627153535654,
        "pct_under_0_5pct": 1.9427764040974922,
        "pct_under_1_0pct": 4.026845637583892
      }
    }
  }
}