{
  "n_points": 10000,
  "relative_floor": 1.0,
  "min_reference_price": 1.0,
  "n_tradable_points": 7719,
  "relative_l2": 0.02767490694032381,
  "mean_point_relative_error": 0.04248748064038474,
  "median_point_relative_error": 0.02405338726994826,
  "p95_point_relative_error": 0.14139995083637583,
  "p99_point_relative_error": 0.25656772953397305,
  "tradable_mean_point_relative_error": 0.03835309819045729,
  "tradable_median_point_relative_error": 0.021340872539446113,
  "tradable_p95_point_relative_error": 0.1332259634272767,
  "tradable_p99_point_relative_error": 0.2220747864139561,
  "max_absolute_error": 21.722384403076248,
  "pct_points_under_0_5pct_error": 16.35,
  "pct_points_under_1_0pct_error": 27.27,
  "tradable_pct_points_under_0_5pct_error": 18.849591916051303,
  "tradable_pct_points_under_1_0pct_error": 30.70345899727944,
  "pinn_seconds": 0.04256530001293868,
  "analytic_seconds": 0.0037951999984215945,
  "pinn_points_per_second": 234933.1497008191,
  "analytic_points_per_second": 2634907.252360601,
  "segmented_metrics": {
    "moneyness_x": {
      "[-2.5, -1]": {
        "count": 1226,
        "mean": 0.03829638616653088,
        "median": 0.027274012649025587,
        "p95": 0.10784961899784445,
        "pct_under_0_5pct": 10.848287112561176,
        "pct_under_1_0pct": 20.636215334420882
      },
      "[-1, -0.25]": {
        "count": 2399,
        "mean": 0.06062486065900145,
        "median": 0.04486295789820449,
        "p95": 0.17308315192857698,
        "pct_under_0_5pct": 5.5439766569403925,
        "pct_under_1_0pct": 10.6294289287203
      },
      "[-0.25, 0.25]": {
        "count": 2711,
        "mean": 0.06381347273255183,
        "median": 0.03906792232998107,
        "p95": 0.19238168494721758,
        "pct_under_0_5pct": 7.635558834378458,
        "pct_under_1_0pct": 14.238288454444852
      },
      "[0.25, 1]": {
        "count": 2436,
        "mean": 0.019637866628594795,
        "median": 0.01274422344072533,
        "p95": 0.06295613986916296,
        "pct_under_0_5pct": 23.275862068965516,
        "pct_under_1_0pct": 40.51724137931034
      },
      "[1, 2.5]": {
        "count": 1228,
        "mean": 0.009485528141312006,
        "median": 0.0052680963154954205,
        "p95": 0.034727467463118555,
        "pct_under_0_5pct": 48.45276872964169,
        "pct_under_1_0pct": 68.89250814332247
      }
    },
    "tau_over_T": {
      "[0, 0.05]": {
        "count": 497,
        "mean": 0.07243007474811398,
        "median": 0.02031763276155889,
        "p95": 0.26798738246650555,
        "pct_under_0_5pct": 24.748490945674046,
        "pct_under_1_0pct": 36.21730382293762
      },
      "[0.05, 0.25]": {
        "count": 1999,
        "mean": 0.04026037460646044,
        "median": 0.020271200173853178,
        "p95": 0.15531564586749824,
        "pct_under_0_5pct": 20.710355177588795,
        "pct_under_1_0pct": 32.51625812906453
      },
      "[0.25, 0.5]": {
        "count": 2471,
        "mean": 0.03658644759674776,
        "median": 0.02212117093534757,
        "p95": 0.11443606353830532,
        "pct_under_0_5pct": 18.00890327802509,
        "pct_under_1_0pct": 29.016592472683122
      },
      "[0.5, 0.75]": {
        "count": 2534,
        "mean": 0.04006848850371567,
        "median": 0.025632171530926052,
        "p95": 0.12302422025158294,
        "pct_under_0_5pct": 13.733228097868983,
        "pct_under_1_0pct": 23.875295974743487
      },
      "[0.75, 1]": {
        "count": 2499,
        "mean": 0.04660180413595081,
        "median": 0.02764725401800605,
        "p95": 0.15587188887564368,
        "pct_under_0_5pct": 12.204881952781113,
        "pct_under_1_0pct": 23.00920368147259
      }
    },
    "sigma": {
      "[0.05, 0.15]": {
        "count": 1258,
        "mean": 0.06907028495302263,
        "median": 0.03499025784839053,
        "p95": 0.2590173901367269,
        "pct_under_0_5pct": 11.92368839427663,
        "pct_under_1_0pct": 20.429252782193956
      },
      "[0.15, 0.3]": {
        "count": 1955,
        "mean": 0.0388300828545831,
        "median": 0.02407529504014906,
        "p95": 0.12515509474760464,
        "pct_under_0_5pct": 16.317135549872123,
        "pct_under_1_0pct": 27.621483375959077
      },
      "[0.3, 0.5]": {
        "count": 2720,
        "mean": 0.03514865687496751,
        "median": 0.021860672287607723,
        "p95": 0.1071835796195227,
        "pct_under_0_5pct": 17.683823529411764,
        "pct_under_1_0pct": 28.308823529411764
      },
      "[0.5, 0.8]": {
        "count": 4067,
        "mean": 0.04093120955306697,
        "median": 0.02347598761067557,
        "p95": 0.13725395960382725,
        "pct_under_0_5pct": 16.842881731005654,
        "pct_under_1_0pct": 28.522252274403737
      }
    },
    "r": {
      "[0, 0.025]": {
        "count": 1688,
        "mean": 0.04440785067963229,
        "median": 0.0270801894508751,
        "p95": 0.1453526628182449,
        "pct_under_0_5pct": 12.085308056872037,
        "pct_under_1_0pct": 22.097156398104264
      },
      "[0.025, 0.05]": {
        "count": 1661,
        "mean": 0.04077954382478989,
        "median": 0.022625307765991528,
        "p95": 0.12535093121213917,
        "pct_under_0_5pct": 16.195063214930762,
        "pct_under_1_0pct": 27.81456953642384
      },
      "[0.05, 0.1]": {
        "count": 3375,
        "mean": 0.04073579849652528,
        "median": 0.021898105892048075,
        "p95": 0.14147931910562114,
        "pct_under_0_5pct": 19.022222222222222,
        "pct_under_1_0pct": 30.192592592592593
      },
      "[0.1, 0.15]": {
        "count": 3276,
        "mean": 0.044168562954175615,
        "median": 0.025488458906126873,
        "p95": 0.14344960756124175,
        "pct_under_0_5pct": 15.873015873015872,
        "pct_under_1_0pct": 26.64835164835165
      }
    },
    "K": {
      "[20, 50]": {
        "count": 1740,
        "mean": 0.016898483772793432,
        "median": 0.00794557522172936,
        "p95": 0.06266750458138773,
        "pct_under_0_5pct": 37.64367816091954,
        "pct_under_1_0pct": 55.97701149425287
      },
      "[50, 100]": {
        "count": 2638,
        "mean": 0.030778900360823515,
        "median": 0.017464432275568036,
        "p95": 0.10477592885683229,
        "pct_under_0_5pct": 20.54586808188021,
        "pct_under_1_0pct": 33.47232752084913
      },
      "[100, 150]": {
        "count": 2791,
        "mean": 0.04618174573918904,
        "median": 0.02996836000790935,
        "p95": 0.14580443673698557,
        "pct_under_0_5pct": 8.885704048728055,
        "pct_under_1_0pct": 18.45216768183447
      },
      "[150, 200]": {
        "count": 2831,
        "mean": 0.06548338153629735,
        "median": 0.04415717884504925,
        "p95": 0.18840049212632604,
        "pct_under_0_5pct": 6.7114093959731544,
        "pct_under_1_0pct": 12.53973860826563
      }
    }
  }
}