{
  "n_points": 10000,
  "relative_floor": 1.0,
  "min_reference_price": 1.0,
  "n_tradable_points": 7719,
  "relative_l2": 0.02767490694032381,
  "mean_point_relative_error": 0.04248748064038474,
  "median_point_relative_error": 0.02405338726994826,
  "p95_point_relative_error": 0.14139995083637583,
  "p99_point_relative_error": 0.25656772953397305,
  "tradable_mean_point_relative_error": 0.03835309819045729,
  "tradable_median_point_relative_error": 0.021340872539446113,
  "tradable_p95_point_relative_error": 0.1332259634272767,
  "tradable_p99_point_relative_error": 0.2220747864139561,
  "max_absolute_error": 21.722384403076248,
  "pct_points_under_0_5pct_error": 16.35,
  "pct_points_under_1_0pct_error": 27.27,
  "tradable_pct_points_under_0_5pct_error": 18.849591916051303,
  "tradable_pct_points_under_1_0pct_error": 30.70345899727944,
  "pinn_seconds": 0.03934349998598918,
  "analytic_seconds": 0.005801299994345754,
  "pinn_points_per_second": 254171.59133176133,
  "analytic_points_per_second": 1723751.5746033674
}