{
  "n_points": 1000,
  "mc_paths": 20000,
  "mc_steps": 64,
  "relative_floor": 1.0,
  "min_reference_price": 1.0,
  "n_tradable_points": 671,
  "relative_l2": 0.5541143052476678,
  "mean_point_relative_error": 0.5914409260722321,
  "median_point_relative_error": 0.5885940967115988,
  "p95_point_relative_error": 0.9696759194135662,
  "p99_point_relative_error": 1.5892473838459147,
  "tradable_mean_point_relative_error": 0.5701305684414456,
  "tradable_median_point_relative_error": 0.5842157670567214,
  "tradable_p95_point_relative_error": 0.6627063934899986,
  "tradable_pct_points_under_5pct_error": 0.7451564828614009,
  "tradable_pct_points_under_10pct_error": 1.3412816691505216,
  "max_absolute_error": 102.86118186452751,
  "pinn_seconds": 0.0471296000177972,
  "monte_carlo_seconds": 73.37017589999596,
  "pinn_points_per_second": 21218.087987642106,
  "monte_carlo_points_per_second": 13.629516186018236,
  "pinn_vs_monte_carlo_speedup": 1556.7748479148925
}