{
  "n_points": 1000,
  "mc_paths": 20000,
  "mc_steps": 64,
  "relative_floor": 1.0,
  "min_reference_price": 1.0,
  "n_tradable_points": 670,
  "relative_l2": 0.6514259914412729,
  "mean_point_relative_error": 20.218101448037952,
  "median_point_relative_error": 0.6740366876462008,
  "p95_point_relative_error": 65.87710018875238,
  "p99_point_relative_error": 67.08780853271485,
  "tradable_mean_point_relative_error": 1.989877292412838,
  "tradable_median_point_relative_error": 0.5037940592494703,
  "tradable_p95_point_relative_error": 8.785360046187133,
  "tradable_pct_points_under_5pct_error": 4.477611940298507,
  "tradable_pct_points_under_10pct_error": 8.358208955223882,
  "max_absolute_error": 141.56550744612346,
  "near_strike_mean_relative_error": 16.669258405931437,
  "pinn_seconds": 0.035299299997859634,
  "monte_carlo_seconds": 54.25874330000079,
  "pinn_points_per_second": 28329.17366805106,
  "monte_carlo_points_per_second": 18.430209385258383,
  "pinn_vs_monte_carlo_speedup": 1537.1053619559243
}