{
  "n_points": 10000,
  "relative_floor": 1.0,
  "min_reference_price": 1.0,
  "n_tradable_points": 7719,
  "relative_l2": 0.024433842253389775,
  "mean_point_relative_error": 0.0461674790022612,
  "median_point_relative_error": 0.025740116457363307,
  "p95_point_relative_error": 0.15266085865740314,
  "p99_point_relative_error": 0.316924486866358,
  "tradable_mean_point_relative_error": 0.03521477209578682,
  "tradable_median_point_relative_error": 0.02082444984862716,
  "tradable_p95_point_relative_error": 0.11780046658907029,
  "tradable_p99_point_relative_error": 0.2297650921737488,
  "max_absolute_error": 17.33142927972326,
  "pct_points_under_0_5pct_error": 13.639999999999999,
  "pct_points_under_1_0pct_error": 24.759999999999998,
  "tradable_pct_points_under_0_5pct_error": 16.232672625987824,
  "tradable_pct_points_under_1_0pct_error": 29.14885347842985,
  "pinn_seconds": 0.07087880000472069,
  "analytic_seconds": 0.004948700021486729,
  "pinn_points_per_second": 141085.91002294025,
  "analytic_points_per_second": 2020732.7089096254,
  "segmented_metrics": {
    "moneyness_x": {
      "[-2.5, -1]": {
        "count": 1226,
        "mean": 0.04819501355949969,
        "median": 0.04060574884830162,
        "p95": 0.12313679631912258,
        "pct_under_0_5pct": 6.36215334420881,
        "pct_under_1_0pct": 12.64274061990212
      },
      "[-1, -0.25]": {
        "count": 2399,
        "mean": 0.06630691334067206,
        "median": 0.044716620648968475,
        "p95": 0.20940556759651371,
        "pct_under_0_5pct": 5.960817007086286,
        "pct_under_1_0pct": 12.255106294289288
      },
      "[-0.25, 0.25]": {
        "count": 2711,
        "mean": 0.06632498143123548,
        "median": 0.03469308417399764,
        "p95": 0.21983877664657564,
        "pct_under_0_5pct": 6.528956104758392,
        "pct_under_1_0pct": 13.906307635558834
      },
      "[0.25, 1]": {
        "count": 2436,
        "mean": 0.021284299617472337,
        "median": 0.015915183062124874,
        "p95": 0.06056329185117775,
        "pct_under_0_5pct": 17.52873563218391,
        "pct_under_1_0pct": 34.35960591133005
      },
      "[1, 2.5]": {
        "count": 1228,
        "mean": 0.009659478636930832,
        "median": 0.0059914547799118124,
        "p95": 0.030578014938810013,
        "pct_under_0_5pct": 43.89250814332247,
        "pct_under_1_0pct": 66.20521172638436
      }
    },
    "tau_over_T": {
      "[0, 0.05]": {
        "count": 497,
        "mean": 0.09832782017726309,
        "median": 0.037733488472626,
        "p95": 0.3658890895588151,
        "pct_under_0_5pct": 17.102615694164992,
        "pct_under_1_0pct": 25.75452716297787
      },
      "[0.05, 0.25]": {
        "count": 1999,
        "mean": 0.052702805481831747,
        "median": 0.027611254279081458,
        "p95": 0.1870584019553165,
        "pct_under_0_5pct": 16.95847923961981,
        "pct_under_1_0pct": 27.463731865932967
      },
      "[0.25, 0.5]": {
        "count": 2471,
        "mean": 0.03937996221194519,
        "median": 0.023319102693486003,
        "p95": 0.13130464333683467,
        "pct_under_0_5pct": 14.892755969243222,
        "pct_under_1_0pct": 28.166734115742614
      },
      "[0.5, 0.75]": {
        "count": 2534,
        "mean": 0.03772768379862159,
        "median": 0.023598070481276136,
        "p95": 0.11594732984448093,
        "pct_under_0_5pct": 12.746645619573796,
        "pct_under_1_0pct": 24.467245461720598
      },
      "[0.75, 1]": {
        "count": 2499,
        "mean": 0.045835581378514165,
        "median": 0.02800832503665438,
        "p95": 0.145001088924109,
        "pct_under_0_5pct": 9.963985594237695,
        "pct_under_1_0pct": 19.327731092436977
      }
    },
    "sigma": {
      "[0.05, 0.15]": {
        "count": 1258,
        "mean": 0.08970067529768928,
        "median": 0.04665793927126423,
        "p95": 0.3088250983382752,
        "pct_under_0_5pct": 6.836248012718602,
        "pct_under_1_0pct": 14.3879173290938
      },
      "[0.15, 0.3]": {
        "count": 1955,
        "mean": 0.050527855588343135,
        "median": 0.030658997480670594,
        "p95": 0.1531943547075114,
        "pct_under_0_5pct": 12.992327365728901,
        "pct_under_1_0pct": 22.659846547314576
      },
      "[0.3, 0.5]": {
        "count": 2720,
        "mean": 0.037682412068506935,
        "median": 0.02268521528192632,
        "p95": 0.12114543059424548,
        "pct_under_0_5pct": 15.955882352941176,
        "pct_under_1_0pct": 28.125
      },
      "[0.5, 0.8]": {
        "count": 4067,
        "mean": 0.036280605359372796,
        "median": 0.022337866296252087,
        "p95": 0.11299253649799336,
        "pct_under_0_5pct": 14.507007622326038,
        "pct_under_1_0pct": 26.727317432997292
      }
    },
    "r": {
      "[0, 0.025]": {
        "count": 1688,
        "mean": 0.05177095971552148,
        "median": 0.03022162180798158,
        "p95": 0.1666275004845742,
        "pct_under_0_5pct": 10.722748815165877,
        "pct_under_1_0pct": 21.504739336492893
      },
      "[0.025, 0.05]": {
        "count": 1661,
        "mean": 0.04766948677339526,
        "median": 0.0249803503591165,
        "p95": 0.14422352600550892,
        "pct_under_0_5pct": 13.726670680313063,
        "pct_under_1_0pct": 24.924744130042143
      },
      "[0.05, 0.1]": {
        "count": 3375,
        "mean": 0.042039613122765884,
        "median": 0.024469757039279897,
        "p95": 0.1426076280644514,
        "pct_under_0_5pct": 15.644444444444444,
        "pct_under_1_0pct": 26.84444444444444
      },
      "[0.1, 0.15]": {
        "count": 3276,
        "mean": 0.04677127539770064,
        "median": 0.025466893662375575,
        "p95": 0.1594747242801587,
        "pct_under_0_5pct": 13.034188034188036,
        "pct_under_1_0pct": 24.206349206349206
      }
    },
    "K": {
      "[20, 50]": {
        "count": 1740,
        "mean": 0.017590734937969997,
        "median": 0.009219654463295382,
        "p95": 0.05696492570288433,
        "pct_under_0_5pct": 33.10344827586207,
        "pct_under_1_0pct": 52.58620689655172
      },
      "[50, 100]": {
        "count": 2638,
        "mean": 0.030742483512237316,
        "median": 0.019499516489071625,
        "p95": 0.10036289851931421,
        "pct_under_0_5pct": 15.921152388172857,
        "pct_under_1_0pct": 29.18877937831691
      },
      "[100, 150]": {
        "count": 2791,
        "mean": 0.05123640163091651,
        "median": 0.032176111464459485,
        "p95": 0.15840831385299828,
        "pct_under_0_5pct": 7.380867072733787,
        "pct_under_1_0pct": 16.660695091365103
      },
      "[150, 200]": {
        "count": 2831,
        "mean": 0.0731075389520926,
        "median": 0.044436939351569206,
        "p95": 0.2322431250865858,
        "pct_under_0_5pct": 5.722359590250795,
        "pct_under_1_0pct": 11.515365595196043
      }
    }
  }
}