{
  "n_points": 10000,
  "relative_floor": 1.0,
  "min_reference_price": 1.0,
  "n_tradable_points": 7719,
  "relative_l2": 0.026809205230484776,
  "mean_point_relative_error": 0.2660026669397118,
  "median_point_relative_error": 0.0318917401215397,
  "p95_point_relative_error": 1.2774258258778648,
  "p99_point_relative_error": 2.6988538817133665,
  "tradable_mean_point_relative_error": 0.1046477189669101,
  "tradable_median_point_relative_error": 0.01712998410532083,
  "tradable_p95_point_relative_error": 0.5207156685292916,
  "tradable_p99_point_relative_error": 1.5495618037125904,
  "max_absolute_error": 16.00998108610509,
  "pct_points_under_0_5pct_error": 20.21,
  "pct_points_under_1_0pct_error": 30.130000000000003,
  "tradable_pct_points_under_0_5pct_error": 26.09146262469232,
  "tradable_pct_points_under_1_0pct_error": 38.83922787925897,
  "pinn_seconds": 0.024105199991026893,
  "analytic_seconds": 0.004936500015901402,
  "pinn_points_per_second": 414848.2486651211,
  "analytic_points_per_second": 2025726.7229389457
}