{
  "n_points": 1000,
  "mc_paths": 20000,
  "mc_steps": 64,
  "relative_floor": 1.0,
  "min_reference_price": 1.0,
  "n_tradable_points": 956,
  "relative_l2": 0.006573323276889237,
  "mean_point_relative_error": 0.006600373384202762,
  "median_point_relative_error": 0.004684374171786773,
  "p95_point_relative_error": 0.01500303129007479,
  "p99_point_relative_error": 0.03208422875960313,
  "tradable_mean_point_relative_error": 0.00621031550978779,
  "tradable_median_point_relative_error": 0.004642092137957153,
  "tradable_p95_point_relative_error": 0.014789992479036604,
  "tradable_pct_points_under_5pct_error": 99.47698744769873,
  "tradable_pct_points_under_10pct_error": 99.68619246861925,
  "max_absolute_error": 0.6255257618510939,
  "pinn_seconds": 0.012858600006438792,
  "monte_carlo_seconds": 70.41274270002032,
  "pinn_points_per_second": 77768.96392292021,
  "monte_carlo_points_per_second": 14.201974836576156,
  "pinn_vs_monte_carlo_speedup": 5475.926046751744
}