{
  "n_points": 1000,
  "mc_paths": 20000,
  "mc_steps": 64,
  "relative_floor": 1.0,
  "min_reference_price": 1.0,
  "n_tradable_points": 671,
  "relative_l2": 0.0015852359891715753,
  "mean_point_relative_error": 0.005444832995979174,
  "median_point_relative_error": 0.0021558684389563322,
  "p95_point_relative_error": 0.019215337559580777,
  "p99_point_relative_error": 0.041623623618733674,
  "tradable_mean_point_relative_error": 0.004012067031602746,
  "tradable_median_point_relative_error": 0.0012409545735222554,
  "tradable_p95_point_relative_error": 0.013915252583884947,
  "tradable_pct_points_under_5pct_error": 99.10581222056632,
  "tradable_pct_points_under_10pct_error": 99.85096870342772,
  "max_absolute_error": 1.2572471905046365,
  "pinn_seconds": 0.009451699996134266,
  "monte_carlo_seconds": 44.243198999989545,
  "pinn_points_per_second": 105801.07286615093,
  "monte_carlo_points_per_second": 22.60234392183613,
  "pinn_vs_monte_carlo_speedup": 4680.97792122951
}