{
  "n_points": 10000,
  "relative_floor": 1.0,
  "min_reference_price": 1.0,
  "n_tradable_points": 7719,
  "relative_l2": 0.01742829101027878,
  "mean_point_relative_error": 0.02351927592400548,
  "median_point_relative_error": 0.012185200366066401,
  "p95_point_relative_error": 0.07877591742033034,
  "p99_point_relative_error": 0.16690336338031395,
  "tradable_mean_point_relative_error": 0.023411632444821275,
  "tradable_median_point_relative_error": 0.012839070448679723,
  "tradable_p95_point_relative_error": 0.07694082223465612,
  "tradable_p99_point_relative_error": 0.15999842590966762,
  "max_absolute_error": 20.855941545885003,
  "pct_points_under_0_5pct_error": 26.06,
  "pct_points_under_1_0pct_error": 44.06,
  "tradable_pct_points_under_0_5pct_error": 25.754631428941572,
  "tradable_pct_points_under_1_0pct_error": 42.66096644643088,
  "pinn_seconds": 0.09400599999935366,
  "analytic_seconds": 0.009319299999333452,
  "pinn_points_per_second": 106376.18875464071,
  "analytic_points_per_second": 1073041.9667480642,
  "segmented_metrics": {
    "moneyness_x": {
      "[-2.5, -1]": {
        "count": 1226,
        "mean": 0.02244504347504243,
        "median": 0.010696661468877069,
        "p95": 0.09505735908157317,
        "pct_under_0_5pct": 25.938009787928223,
        "pct_under_1_0pct": 48.12398042414356
      },
      "[-1, -0.25]": {
        "count": 2399,
        "mean": 0.029200537086238286,
        "median": 0.017932508054306753,
        "p95": 0.09052806120331297,
        "pct_under_0_5pct": 17.507294706127553,
        "pct_under_1_0pct": 32.930387661525636
      },
      "[-0.25, 0.25]": {
        "count": 2711,
        "mean": 0.03556825262982421,
        "median": 0.02075295215261518,
        "p95": 0.11519799612800069,
        "pct_under_0_5pct": 13.83253412025083,
        "pct_under_1_0pct": 27.259313906307636
      },
      "[0.25, 1]": {
        "count": 2436,
        "mean": 0.014178232875868347,
        "median": 0.00972251468233653,
        "p95": 0.04488574648611424,
        "pct_under_0_5pct": 29.105090311986864,
        "pct_under_1_0pct": 51.14942528735632
      },
      "[1, 2.5]": {
        "count": 1228,
        "mean": 0.005422914743239718,
        "median": 0.0032555724309938586,
        "p95": 0.018301313457916038,
        "pct_under_0_5pct": 63.84364820846905,
        "pct_under_1_0pct": 84.77198697068404
      }
    },
    "tau_over_T": {
      "[0, 0.05]": {
        "count": 497,
        "mean": 0.040603094431413356,
        "median": 0.009252798675287556,
        "p95": 0.2053370464468605,
        "pct_under_0_5pct": 37.223340040241446,
        "pct_under_1_0pct": 51.91146881287726
      },
      "[0.05, 0.25]": {
        "count": 1999,
        "mean": 0.02038406774333599,
        "median": 0.009726357628438959,
        "p95": 0.07621241249772322,
        "pct_under_0_5pct": 30.415207603801903,
        "pct_under_1_0pct": 50.72536268134067
      },
      "[0.25, 0.5]": {
        "count": 2471,
        "mean": 0.019713232491751033,
        "median": 0.011085296943880607,
        "p95": 0.06471042612071465,
        "pct_under_0_5pct": 28.89518413597734,
        "pct_under_1_0pct": 47.06596519627681
      },
      "[0.5, 0.75]": {
        "count": 2534,
        "mean": 0.022330004246756126,
        "median": 0.012762664018481074,
        "p95": 0.07163030510169383,
        "pct_under_0_5pct": 24.112075769534332,
        "pct_under_1_0pct": 42.462509865824785
      },
      "[0.75, 1]": {
        "count": 2499,
        "mean": 0.027598896214612593,
        "median": 0.01597389442731719,
        "p95": 0.09260515328800982,
        "pct_under_0_5pct": 19.52781112444978,
        "pct_under_1_0pct": 35.81432573029212
      }
    },
    "sigma": {
      "[0.05, 0.15]": {
        "count": 1258,
        "mean": 0.029923520490987357,
        "median": 0.012688809553236414,
        "p95": 0.12246514058551708,
        "pct_under_0_5pct": 26.550079491255964,
        "pct_under_1_0pct": 43.1637519872814
      },
      "[0.15, 0.3]": {
        "count": 1955,
        "mean": 0.023167928622205677,
        "median": 0.012116720545046438,
        "p95": 0.07663486770666618,
        "pct_under_0_5pct": 25.933503836317133,
        "pct_under_1_0pct": 43.171355498721226
      },
      "[0.3, 0.5]": {
        "count": 2720,
        "mean": 0.023033712350251433,
        "median": 0.012187972157884926,
        "p95": 0.07552318177797365,
        "pct_under_0_5pct": 25.698529411764703,
        "pct_under_1_0pct": 44.154411764705884
      },
      "[0.5, 0.8]": {
        "count": 4067,
        "mean": 0.02203195781000656,
        "median": 0.012083788794390688,
        "p95": 0.07322934196812776,
        "pct_under_0_5pct": 26.21096631423654,
        "pct_under_1_0pct": 44.70125399557413
      }
    },
    "r": {
      "[0, 0.025]": {
        "count": 1688,
        "mean": 0.029002397956114603,
        "median": 0.016146628486523262,
        "p95": 0.09512541737348294,
        "pct_under_0_5pct": 20.55687203791469,
        "pct_under_1_0pct": 37.08530805687204
      },
      "[0.025, 0.05]": {
        "count": 1661,
        "mean": 0.022490450259044115,
        "median": 0.011017232291316183,
        "p95": 0.07228112320607882,
        "pct_under_0_5pct": 28.657435279951837,
        "pct_under_1_0pct": 47.200481637567734
      },
      "[0.05, 0.1]": {
        "count": 3375,
        "mean": 0.02138360964455049,
        "median": 0.010568976593098512,
        "p95": 0.07526043160716196,
        "pct_under_0_5pct": 29.629629629629626,
        "pct_under_1_0pct": 48.56296296296296
      },
      "[0.1, 0.15]": {
        "count": 3276,
        "mean": 0.02341587028678362,
        "median": 0.01300298672008935,
        "p95": 0.07722393739245784,
        "pct_under_0_5pct": 23.9010989010989,
        "pct_under_1_0pct": 41.42246642246643
      }
    },
    "K": {
      "[20, 50]": {
        "count": 1740,
        "mean": 0.010676890304810704,
        "median": 0.004961283005819836,
        "p95": 0.03805406995865735,
        "pct_under_0_5pct": 50.40229885057471,
        "pct_under_1_0pct": 70.34482758620689
      },
      "[50, 100]": {
        "count": 2638,
        "mean": 0.019226584618616427,
        "median": 0.010816756763196055,
        "p95": 0.062497154161643496,
        "pct_under_0_5pct": 27.103866565579988,
        "pct_under_1_0pct": 47.27065959059894
      },
      "[100, 150]": {
        "count": 2791,
        "mean": 0.025850268001211023,
        "median": 0.014636884310770497,
        "p95": 0.07880453413293631,
        "pct_under_0_5pct": 19.670369043353634,
        "pct_under_1_0pct": 38.230025080616265
      },
      "[150, 200]": {
        "count": 2831,
        "mean": 0.03311449731345603,
        "median": 0.018372375800873416,
        "p95": 0.10654333741231384,
        "pct_under_0_5pct": 16.425291416460613,
        "pct_under_1_0pct": 30.660543977393147
      }
    }
  }
}