{
  "n_points": 10000,
  "relative_floor": 1.0,
  "min_reference_price": 1.0,
  "n_tradable_points": 7719,
  "relative_l2": 0.08169695585635917,
  "mean_point_relative_error": 0.13206554529191725,
  "median_point_relative_error": 0.07329255437997462,
  "p95_point_relative_error": 0.4568935349023132,
  "p99_point_relative_error": 0.6864974164603227,
  "tradable_mean_point_relative_error": 0.12374595919306386,
  "tradable_median_point_relative_error": 0.063177362114788,
  "tradable_p95_point_relative_error": 0.44828835969951897,
  "tradable_p99_point_relative_error": 0.6504899199477017,
  "max_absolute_error": 34.99073106873924,
  "pct_points_under_0_5pct_error": 8.4,
  "pct_points_under_1_0pct_error": 14.35,
  "tradable_pct_points_under_0_5pct_error": 9.56082394092499,
  "tradable_pct_points_under_1_0pct_error": 16.258582717968647,
  "pinn_seconds": 0.11520840000594035,
  "analytic_seconds": 0.010319799999706447,
  "pinn_points_per_second": 86799.2264408184,
  "analytic_points_per_second": 969011.0273730553,
  "segmented_metrics": {
    "moneyness_x": {
      "[-2.5, -1]": {
        "count": 1226,
        "mean": 0.12952606128748867,
        "median": 0.09878905494710406,
        "p95": 0.36846606641739177,
        "pct_under_0_5pct": 4.241435562805873,
        "pct_under_1_0pct": 7.748776508972267
      },
      "[-1, -0.25]": {
        "count": 2399,
        "mean": 0.1677763740896565,
        "median": 0.12716315342622658,
        "p95": 0.4623912098250981,
        "pct_under_0_5pct": 2.959566486035848,
        "pct_under_1_0pct": 5.919132972071696
      },
      "[-0.25, 0.25]": {
        "count": 2711,
        "mean": 0.22961588685369547,
        "median": 0.18391990411261877,
        "p95": 0.5741367857411093,
        "pct_under_0_5pct": 2.102545186278126,
        "pct_under_1_0pct": 3.725562523054224
      },
      "[0.25, 1]": {
        "count": 2436,
        "mean": 0.049760623556252985,
        "median": 0.0344110300298172,
        "p95": 0.14496248701702727,
        "pct_under_0_5pct": 8.70279146141215,
        "pct_under_1_0pct": 16.174055829228244
      },
      "[1, 2.5]": {
        "count": 1228,
        "mean": 0.01274872320539501,
        "median": 0.007785386078077627,
        "p95": 0.0421285861327237,
        "pct_under_0_5pct": 36.48208469055375,
        "pct_under_1_0pct": 57.247557003257334
      }
    },
    "tau_over_T": {
      "[0, 0.05]": {
        "count": 497,
        "mean": 0.10608252274016296,
        "median": 0.010477122113003454,
        "p95": 0.6940840639221885,
        "pct_under_0_5pct": 37.82696177062374,
        "pct_under_1_0pct": 49.094567404426556
      },
      "[0.05, 0.25]": {
        "count": 1999,
        "mean": 0.15438185774690527,
        "median": 0.056977151481285834,
        "p95": 0.5776202398513297,
        "pct_under_0_5pct": 11.05552776388194,
        "pct_under_1_0pct": 18.55927963981991
      },
      "[0.25, 0.5]": {
        "count": 2471,
        "mean": 0.12895600085121003,
        "median": 0.07572785142366656,
        "p95": 0.43424780320616213,
        "pct_under_0_5pct": 6.110886280857953,
        "pct_under_1_0pct": 11.978955888304329
      },
      "[0.5, 0.75]": {
        "count": 2534,
        "mean": 0.12352516552942194,
        "median": 0.08120670600450818,
        "p95": 0.3802458251938713,
        "pct_under_0_5pct": 4.89344909234412,
        "pct_under_1_0pct": 10.063141278610892
      },
      "[0.75, 1]": {
        "count": 2499,
        "mean": 0.1311164697584446,
        "median": 0.08644413840858699,
        "p95": 0.3965087619941538,
        "pct_under_0_5pct": 6.24249699879952,
        "pct_under_1_0pct": 10.764305722288915
      }
    },
    "sigma": {
      "[0.05, 0.15]": {
        "count": 1258,
        "mean": 0.14844435858682475,
        "median": 0.07243491388542575,
        "p95": 0.5181795797265382,
        "pct_under_0_5pct": 11.049284578696343,
        "pct_under_1_0pct": 17.726550079491258
      },
      "[0.15, 0.3]": {
        "count": 1955,
        "mean": 0.1202379941754935,
        "median": 0.0732697274678113,
        "p95": 0.39396724215093143,
        "pct_under_0_5pct": 8.439897698209718,
        "pct_under_1_0pct": 13.554987212276215
      },
      "[0.3, 0.5]": {
        "count": 2720,
        "mean": 0.11555930992181762,
        "median": 0.07117980949989537,
        "p95": 0.39082304515436656,
        "pct_under_0_5pct": 7.683823529411765,
        "pct_under_1_0pct": 13.161764705882353
      },
      "[0.5, 0.8]": {
        "count": 4067,
        "mean": 0.14372408365294156,
        "median": 0.07694995676235777,
        "p95": 0.49474508735858913,
        "pct_under_0_5pct": 8.040324563560365,
        "pct_under_1_0pct": 14.482419473813621
      }
    },
    "r": {
      "[0, 0.025]": {
        "count": 1688,
        "mean": 0.15157138268959222,
        "median": 0.09070393127249471,
        "p95": 0.5011079008064164,
        "pct_under_0_5pct": 5.983412322274882,
        "pct_under_1_0pct": 9.774881516587678
      },
      "[0.025, 0.05]": {
        "count": 1661,
        "mean": 0.13033230229487397,
        "median": 0.07511098543527742,
        "p95": 0.4545363502706705,
        "pct_under_0_5pct": 7.164358819987959,
        "pct_under_1_0pct": 12.823600240818783
      },
      "[0.05, 0.1]": {
        "count": 3375,
        "mean": 0.127049860551843,
        "median": 0.0691720650643827,
        "p95": 0.45969041652673515,
        "pct_under_0_5pct": 7.851851851851851,
        "pct_under_1_0pct": 13.748148148148148
      },
      "[0.1, 0.15]": {
        "count": 3276,
        "mean": 0.12806096625912247,
        "median": 0.06903851295235361,
        "p95": 0.44417237024565676,
        "pct_under_0_5pct": 10.836385836385837,
        "pct_under_1_0pct": 18.1013431013431
      }
    },
    "K": {
      "[20, 50]": {
        "count": 1740,
        "mean": 0.04166607006218444,
        "median": 0.013563824285551498,
        "p95": 0.20116046092448375,
        "pct_under_0_5pct": 26.551724137931032,
        "pct_under_1_0pct": 42.81609195402299
      },
      "[50, 100]": {
        "count": 2638,
        "mean": 0.09649818989753267,
        "median": 0.04970662100945394,
        "p95": 0.3613455220035909,
        "pct_under_0_5pct": 7.3161485974222895,
        "pct_under_1_0pct": 13.343442001516301
      },
      "[100, 150]": {
        "count": 2791,
        "mean": 0.15026711608533377,
        "median": 0.09933097063811264,
        "p95": 0.4643847808012231,
        "pct_under_0_5pct": 4.299534217126478,
        "pct_under_1_0pct": 7.201719813686851
      },
      "[150, 200]": {
        "count": 2831,
        "mean": 0.2028254133052328,
        "median": 0.15603663391382883,
        "p95": 0.5515078322247848,
        "pct_under_0_5pct": 2.2960084775697633,
        "pct_under_1_0pct": 4.839279406570117
      }
    }
  }
}