{
  "n_points": 10000,
  "relative_floor": 1.0,
  "min_reference_price": 1.0,
  "n_tradable_points": 9357,
  "relative_l2": 0.005480203920397789,
  "mean_point_relative_error": 0.07818571355105093,
  "median_point_relative_error": 0.005762326747814057,
  "p95_point_relative_error": 0.6165314570373331,
  "p99_point_relative_error": 1.2306182608475118,
  "tradable_mean_point_relative_error": 0.028796503076396446,
  "tradable_median_point_relative_error": 0.005376030169735444,
  "tradable_p95_point_relative_error": 0.14058829842808318,
  "tradable_pct_points_under_1pct_error": 71.52933632574543,
  "tradable_pct_points_under_5pct_error": 91.88842577749278,
  "max_absolute_error": 2.6589177800016586,
  "near_barrier_count": 976,
  "near_barrier_tradable_count": 364,
  "near_barrier_mean_absolute_error": 0.8054958921419789,
  "near_barrier_median_absolute_error": 0.8511424330815185,
  "near_barrier_p95_absolute_error": 1.3703451920852951,
  "near_barrier_mean_relative_error": 0.650282161341148,
  "near_barrier_median_relative_error": 0.5959967095653917,
  "near_barrier_tradable_p95_relative_error": 0.8336666087287137,
  "near_strike_mean_relative_error": 0.14281712964784402,
  "pinn_seconds": 0.03837490000296384,
  "analytic_seconds": 0.017859699990367517,
  "pinn_points_per_second": 260586.99825218206,
  "analytic_points_per_second": 559919.8197838383
}